INSERT INTO brands VALUES ('b1111111-1111-1111-1111-111111111111', 'Toyota', 'https://res.cloudinary.com/detye8c6w/image/upload/v1783782266/mss301/fpt_car_rental_assets/cars/zfqwipywpbazabcnbkd0.webp');
INSERT INTO brands VALUES ('b5555555-5555-5555-5555-555555555555', 'Kia', 'https://res.cloudinary.com/detye8c6w/image/upload/v1783782276/mss301/fpt_car_rental_assets/cars/j2veh0wawofo8a0d3ysl.webp');
INSERT INTO brands VALUES ('b4444444-4444-4444-4444-444444444444', 'Ford', 'https://res.cloudinary.com/detye8c6w/image/upload/v1783782291/mss301/fpt_car_rental_assets/cars/le3whu4ijsk04fmlcfcp.webp');
INSERT INTO brands VALUES ('b3333333-3333-3333-3333-333333333333', 'VinFast', 'https://res.cloudinary.com/detye8c6w/image/upload/v1783782299/mss301/fpt_car_rental_assets/cars/oy4jvreoeuio1lcgik7h.webp');
INSERT INTO brands VALUES ('b2222222-2222-2222-2222-222222222222', 'Honda', 'https://res.cloudinary.com/detye8c6w/image/upload/v1783782307/mss301/fpt_car_rental_assets/cars/dcvclthus7oqlywk1n2z.webp');
INSERT INTO brands VALUES ('742a94d1-882b-419f-9897-18fca6d33a9b', 'Subaru', 'https://res.cloudinary.com/detye8c6w/image/upload/v1783782337/mss301/fpt_car_rental_assets/cars/huqrxk9an8r0stl9pwsi.webp');

INSERT INTO locations VALUES ('a1111111-1111-1111-1111-111111111111', 'Trụ sở chính Hà Nội', 'Hà Nội', 'Tòa nhà FPT, Phạm Văn Bạch, Cầu Giấy');
INSERT INTO locations VALUES ('a2222222-2222-2222-2222-222222222222', 'Chi nhánh TP.HCM', 'TP.HCM', 'Quận 9, TP. Thủ Đức');
INSERT INTO locations VALUES ('a3333333-3333-3333-3333-333333333333', 'Chi nhánh Đà Nẵng', 'Đà Nẵng', 'Khu CNC Hòa Lạc, Đà Nẵng');
INSERT INTO locations VALUES ('a212b9e7-029c-460b-9a5f-00f9d8dcd67d', 'Chi nhánh Thạch Thất', 'Hà Nội', 'Thôn 3, Xã Hoà Nhất');
INSERT INTO locations VALUES ('c2758b75-d7f6-4bfc-87b9-710eefe1d71d', 'Chi nhánh BITEXCO', 'Hồ Chí Minh', 'Toà nhà BITEXCO');
INSERT INTO locations VALUES ('87b5ba82-41d2-49e3-906d-9190658932f7', 'Chi nhánh FPT Đà Nẵng', 'Đà Nẵng', 'Khu đô thị FPT, Phường Ngũ Hành Sơn');
INSERT INTO locations VALUES ('1301c6a1-a834-451b-8a64-0342e2c6d401', 'Chi nhánh FPT Hải Phòng 1', 'Hải Phòng', 'Khu tái định cư Đằng Lâm 1 – Phường Hải An ');

INSERT INTO cars VALUES ('f2bcf90d-48ae-43d3-99ed-d791db4272fe', 'Vinfast VF6', 'b3333333-3333-3333-3333-333333333333', 'SUV', 1000000.00, 6, 'AUTO', 'ELECTRIC', '10kWh/100km', '43A-11112', 'RENTED', 'Xe điện tiết kiệm, mạnh mẽ', '2026-07-10 23:39:44.229654', '2026-07-11 23:45:12.092711', NULL, 'a1111111-1111-1111-1111-111111111111', 10);
INSERT INTO cars VALUES ('e86c558f-835c-4f8f-8e05-db640a824425', 'Toyota Camry 2026', 'b1111111-1111-1111-1111-111111111111', 'SEDAN', 900000.00, 6, 'AUTO', 'GASOLINE', '5.5L/100km', '30A-12987', 'AVAILABLE', 'Xe mới tinh, sạch sẽ', '2026-07-10 14:34:32.422499', '2026-07-12 09:15:46.685212', NULL, 'a3333333-3333-3333-3333-333333333333', 6);
INSERT INTO cars VALUES ('c2222222-2222-2222-2222-222222222222', 'Honda Civic', 'b2222222-2222-2222-2222-222222222222', 'SEDAN', 1000000.00, 5, 'AUTO', 'GASOLINE', '7L/100km', '51G-56789', 'AVAILABLE', 'Xe thể thao, cá tính', '2026-07-09 14:54:18.475905', '2026-07-12 09:18:02.712414', NULL, 'a2222222-2222-2222-2222-222222222222', 4);
INSERT INTO cars VALUES ('c3333333-3333-3333-3333-333333333333', 'VinFast VF8', 'b3333333-3333-3333-3333-333333333333', 'SUV', 1500000.00, 5, 'AUTO', 'ELECTRIC', 'Điện', '30F-99999', 'AVAILABLE', 'Xe điện thông minh', '2026-07-09 14:54:18.475905', '2026-07-12 09:20:16.508835', NULL, 'a1111111-1111-1111-1111-111111111111', 3);
INSERT INTO cars VALUES ('80df78bc-0785-48a4-8b7d-bc36ce1c1261', 'Toyota Vios 2026', 'b1111111-1111-1111-1111-111111111111', 'SEDAN', 900000.00, 5, 'MANUAL', 'GASOLINE', '5.5L/100km', '30A-12543', 'AVAILABLE', 'Xe mới tinh, sạch sẽ', '2026-07-10 00:25:01.118272', '2026-07-12 09:21:52.005888', NULL, 'a3333333-3333-3333-3333-333333333333', 3);
INSERT INTO cars VALUES ('c5555555-5555-5555-5555-555555555555', 'Kia Carnival', 'b5555555-5555-5555-5555-555555555555', 'MPV', 1800000.00, 7, 'AUTO', 'DIESEL', '9L/100km', '51H-22222', 'AVAILABLE', 'Xe gia đình siêu rộng', '2026-07-09 14:54:18.475905', '2026-07-12 09:23:22.400998', NULL, 'a2222222-2222-2222-2222-222222222222', 3);
INSERT INTO cars VALUES ('c4444444-4444-4444-4444-444444444444', 'Ford Everest', 'b4444444-4444-4444-4444-444444444444', 'SUV', 1300000.00, 7, 'AUTO', 'DIESEL', '8L/100km', '43A-11111', 'AVAILABLE', 'Xe gầm cao mạnh mẽ', '2026-07-09 14:54:18.475905', '2026-07-12 09:25:47.269958', NULL, 'a2222222-2222-2222-2222-222222222222', 4);
INSERT INTO cars VALUES ('c1111111-1111-1111-1111-111111111111', 'Toyota Vios 2023', 'b1111111-1111-1111-1111-111111111111', 'SEDAN', 1000000.00, 5, 'MANUAL', 'GASOLINE', '6L/100km', '30A-12345', 'AVAILABLE', 'Xe mới tinh, sạch sẽ', '2026-07-09 14:54:18.475905', '2026-07-12 09:27:02.737734', NULL, 'a1111111-1111-1111-1111-111111111111', 12);

INSERT INTO car_features VALUES ('c4444444-4444-4444-4444-444444444444', 'Điều hòa nhiệt độ');
INSERT INTO car_features VALUES ('c4444444-4444-4444-4444-444444444444', 'Ghế da cao cấp');
INSERT INTO car_features VALUES ('c4444444-4444-4444-4444-444444444444', 'Cảm biến va chạm');
INSERT INTO car_features VALUES ('c4444444-4444-4444-4444-444444444444', 'Hệ thống định vị GPS');
INSERT INTO car_features VALUES ('c4444444-4444-4444-4444-444444444444', 'Màn hình cảm ứng');
INSERT INTO car_features VALUES ('c4444444-4444-4444-4444-444444444444', 'Bluetooth/USB');
INSERT INTO car_features VALUES ('c4444444-4444-4444-4444-444444444444', 'Camera lùi');
INSERT INTO car_features VALUES ('c4444444-4444-4444-4444-444444444444', 'Cửa sổ trời');
INSERT INTO car_features VALUES ('c1111111-1111-1111-1111-111111111111', 'Điều hòa nhiệt độ');
INSERT INTO car_features VALUES ('c1111111-1111-1111-1111-111111111111', 'Camera lùi');
INSERT INTO car_features VALUES ('c1111111-1111-1111-1111-111111111111', 'Bluetooth/USB');
INSERT INTO car_features VALUES ('c1111111-1111-1111-1111-111111111111', 'Ghế da cao cấp');
INSERT INTO car_features VALUES ('c1111111-1111-1111-1111-111111111111', 'Màn hình cảm ứng');
INSERT INTO car_features VALUES ('c1111111-1111-1111-1111-111111111111', 'Cảm biến va chạm');
INSERT INTO car_features VALUES ('c1111111-1111-1111-1111-111111111111', 'Cửa sổ trời');
INSERT INTO car_features VALUES ('c1111111-1111-1111-1111-111111111111', 'Hệ thống định vị GPS');
INSERT INTO car_features VALUES ('f2bcf90d-48ae-43d3-99ed-d791db4272fe', 'Cửa sổ trời');
INSERT INTO car_features VALUES ('f2bcf90d-48ae-43d3-99ed-d791db4272fe', 'Màn hình cảm ứng');
INSERT INTO car_features VALUES ('f2bcf90d-48ae-43d3-99ed-d791db4272fe', 'Điều hòa nhiệt độ');
INSERT INTO car_features VALUES ('f2bcf90d-48ae-43d3-99ed-d791db4272fe', 'Bluetooth/USB');
INSERT INTO car_features VALUES ('f2bcf90d-48ae-43d3-99ed-d791db4272fe', 'Camera lùi');
INSERT INTO car_features VALUES ('f2bcf90d-48ae-43d3-99ed-d791db4272fe', 'Ghế da cao cấp');
INSERT INTO car_features VALUES ('f2bcf90d-48ae-43d3-99ed-d791db4272fe', 'Cảm biến va chạm');
INSERT INTO car_features VALUES ('f2bcf90d-48ae-43d3-99ed-d791db4272fe', 'Hệ thống định vị GPS');
INSERT INTO car_features VALUES ('e86c558f-835c-4f8f-8e05-db640a824425', 'Điều hòa nhiệt độ');
INSERT INTO car_features VALUES ('e86c558f-835c-4f8f-8e05-db640a824425', 'Camera lùi');
INSERT INTO car_features VALUES ('e86c558f-835c-4f8f-8e05-db640a824425', 'Ghế da cao cấp');
INSERT INTO car_features VALUES ('e86c558f-835c-4f8f-8e05-db640a824425', 'Bluetooth/USB');
INSERT INTO car_features VALUES ('e86c558f-835c-4f8f-8e05-db640a824425', 'Màn hình cảm ứng');
INSERT INTO car_features VALUES ('e86c558f-835c-4f8f-8e05-db640a824425', 'Cảm biến va chạm');
INSERT INTO car_features VALUES ('e86c558f-835c-4f8f-8e05-db640a824425', 'Hệ thống định vị GPS');
INSERT INTO car_features VALUES ('e86c558f-835c-4f8f-8e05-db640a824425', 'Cửa sổ trời');
INSERT INTO car_features VALUES ('c2222222-2222-2222-2222-222222222222', 'Điều hòa nhiệt độ');
INSERT INTO car_features VALUES ('c2222222-2222-2222-2222-222222222222', 'Camera lùi');
INSERT INTO car_features VALUES ('c2222222-2222-2222-2222-222222222222', 'Ghế da cao cấp');
INSERT INTO car_features VALUES ('c2222222-2222-2222-2222-222222222222', 'Hệ thống định vị GPS');
INSERT INTO car_features VALUES ('c2222222-2222-2222-2222-222222222222', 'Cảm biến va chạm');
INSERT INTO car_features VALUES ('c2222222-2222-2222-2222-222222222222', 'Bluetooth/USB');
INSERT INTO car_features VALUES ('c2222222-2222-2222-2222-222222222222', 'Màn hình cảm ứng');
INSERT INTO car_features VALUES ('c2222222-2222-2222-2222-222222222222', 'Cửa sổ trời');
INSERT INTO car_features VALUES ('c3333333-3333-3333-3333-333333333333', 'Bluetooth/USB');
INSERT INTO car_features VALUES ('c3333333-3333-3333-3333-333333333333', 'Camera lùi');
INSERT INTO car_features VALUES ('c3333333-3333-3333-3333-333333333333', 'Cảm biến va chạm');
INSERT INTO car_features VALUES ('c3333333-3333-3333-3333-333333333333', 'Cửa sổ trời');
INSERT INTO car_features VALUES ('c3333333-3333-3333-3333-333333333333', 'Ghế da cao cấp');
INSERT INTO car_features VALUES ('c3333333-3333-3333-3333-333333333333', 'Hệ thống định vị GPS');
INSERT INTO car_features VALUES ('c3333333-3333-3333-3333-333333333333', 'Màn hình cảm ứng');
INSERT INTO car_features VALUES ('c3333333-3333-3333-3333-333333333333', 'Điều hòa nhiệt độ');
INSERT INTO car_features VALUES ('80df78bc-0785-48a4-8b7d-bc36ce1c1261', 'Bluetooth/USB');
INSERT INTO car_features VALUES ('80df78bc-0785-48a4-8b7d-bc36ce1c1261', 'Camera lùi');
INSERT INTO car_features VALUES ('80df78bc-0785-48a4-8b7d-bc36ce1c1261', 'Cảm biến va chạm');
INSERT INTO car_features VALUES ('80df78bc-0785-48a4-8b7d-bc36ce1c1261', 'Cửa sổ trời');
INSERT INTO car_features VALUES ('80df78bc-0785-48a4-8b7d-bc36ce1c1261', 'Ghế da cao cấp');
INSERT INTO car_features VALUES ('80df78bc-0785-48a4-8b7d-bc36ce1c1261', 'Hệ thống định vị GPS');
INSERT INTO car_features VALUES ('80df78bc-0785-48a4-8b7d-bc36ce1c1261', 'Màn hình cảm ứng');
INSERT INTO car_features VALUES ('80df78bc-0785-48a4-8b7d-bc36ce1c1261', 'Điều hòa nhiệt độ');
INSERT INTO car_features VALUES ('c5555555-5555-5555-5555-555555555555', 'Điều hòa nhiệt độ');
INSERT INTO car_features VALUES ('c5555555-5555-5555-5555-555555555555', 'Camera lùi');
INSERT INTO car_features VALUES ('c5555555-5555-5555-5555-555555555555', 'Bluetooth/USB');
INSERT INTO car_features VALUES ('c5555555-5555-5555-5555-555555555555', 'Ghế da cao cấp');
INSERT INTO car_features VALUES ('c5555555-5555-5555-5555-555555555555', 'Màn hình cảm ứng');
INSERT INTO car_features VALUES ('c5555555-5555-5555-5555-555555555555', 'Cảm biến va chạm');
INSERT INTO car_features VALUES ('c5555555-5555-5555-5555-555555555555', 'Cửa sổ trời');
INSERT INTO car_features VALUES ('c5555555-5555-5555-5555-555555555555', 'Hệ thống định vị GPS');


INSERT INTO car_images VALUES ('7e8ccadd-a9bc-409f-8dc1-48fa07526795', 'f2bcf90d-48ae-43d3-99ed-d791db4272fe', 'https://res.cloudinary.com/detye8c6w/image/upload/v1783701475/mss301/fpt_car_rental_assets/cars/njbhnd2evvsww9qmij4j.jpg', true);
INSERT INTO car_images VALUES ('502d3dbc-bba6-4ba8-882c-bbf68a69e009', 'f2bcf90d-48ae-43d3-99ed-d791db4272fe', 'https://res.cloudinary.com/detye8c6w/image/upload/v1783701481/mss301/fpt_car_rental_assets/cars/t001lkutjec0qfboc2uq.webp', false);
INSERT INTO car_images VALUES ('83934f5c-8a44-4be0-8ae5-ea99960f9f99', 'f2bcf90d-48ae-43d3-99ed-d791db4272fe', 'https://res.cloudinary.com/detye8c6w/image/upload/v1783701485/mss301/fpt_car_rental_assets/cars/nhmi2lyg49hwydigidsn.webp', false);
INSERT INTO car_images VALUES ('eb0aa820-7098-4317-acd0-f9ff7b866fec', 'f2bcf90d-48ae-43d3-99ed-d791db4272fe', 'https://res.cloudinary.com/detye8c6w/image/upload/v1783701497/mss301/fpt_car_rental_assets/cars/h9vi5brymt7tfqtggc9x.gif', false);
INSERT INTO car_images VALUES ('55938a95-1275-41a7-b9ca-858673dd877d', 'f2bcf90d-48ae-43d3-99ed-d791db4272fe', 'https://res.cloudinary.com/detye8c6w/image/upload/v1783701506/mss301/fpt_car_rental_assets/cars/aoy8jez8wdphbpcij0dt.gif', false);
INSERT INTO car_images VALUES ('d1e8da1a-8a29-4d4b-bdd4-94e0b85baa1a', 'e86c558f-835c-4f8f-8e05-db640a824425', 'https://res.cloudinary.com/detye8c6w/image/upload/v1783822443/mss301/fpt_car_rental_assets/cars/eklexzpdw5do2nfgxdur.webp', true);
INSERT INTO car_images VALUES ('489a46dc-9674-45ab-8bfa-c7f4cd75edb9', 'e86c558f-835c-4f8f-8e05-db640a824425', 'https://res.cloudinary.com/detye8c6w/image/upload/v1783822454/mss301/fpt_car_rental_assets/cars/oemikbojkstwvkwcqzkp.webp', false);
INSERT INTO car_images VALUES ('74e6e142-8aec-45bb-ad33-2db90ad0f859', 'e86c558f-835c-4f8f-8e05-db640a824425', 'https://res.cloudinary.com/detye8c6w/image/upload/v1783822459/mss301/fpt_car_rental_assets/cars/gvptugeyvnqwi0lignzr.webp', false);
INSERT INTO car_images VALUES ('e8c71a67-f385-4364-b7f0-c330eb02f355', 'e86c558f-835c-4f8f-8e05-db640a824425', 'https://res.cloudinary.com/detye8c6w/image/upload/v1783822471/mss301/fpt_car_rental_assets/cars/dsasjydumzggonxtbhrh.gif', false);
INSERT INTO car_images VALUES ('55661b46-4619-4e6a-b040-5bbf92f71518', 'c2222222-2222-2222-2222-222222222222', 'https://res.cloudinary.com/detye8c6w/image/upload/v1783822595/mss301/fpt_car_rental_assets/cars/ogav1xzop5hpwxdikswa.webp', true);
INSERT INTO car_images VALUES ('cebb43cc-2a1e-4e52-9b22-6fc57bcc1d6e', 'c2222222-2222-2222-2222-222222222222', 'https://res.cloudinary.com/detye8c6w/image/upload/v1783822601/mss301/fpt_car_rental_assets/cars/kpbabygrpspf8j4zdj91.webp', false);
INSERT INTO car_images VALUES ('33c1381f-efef-441b-97de-1580d350a44f', 'c2222222-2222-2222-2222-222222222222', 'https://res.cloudinary.com/detye8c6w/image/upload/v1783822606/mss301/fpt_car_rental_assets/cars/brw6gd4aq83me5az4app.webp', false);
INSERT INTO car_images VALUES ('c4493a95-8fe7-4795-85df-52bfbce9a87f', 'c3333333-3333-3333-3333-333333333333', 'https://res.cloudinary.com/detye8c6w/image/upload/v1783822724/mss301/fpt_car_rental_assets/cars/ya778gz2scznwe7mvqt7.webp', true);
INSERT INTO car_images VALUES ('3d991971-b32d-4839-9812-6c6f696c5b9a', 'c3333333-3333-3333-3333-333333333333', 'https://res.cloudinary.com/detye8c6w/image/upload/v1783822730/mss301/fpt_car_rental_assets/cars/i8ta7eq7ffavgqf7ljuc.webp', false);
INSERT INTO car_images VALUES ('272482f8-c0a9-4596-8e39-ef9829cc33cd', 'c3333333-3333-3333-3333-333333333333', 'https://res.cloudinary.com/detye8c6w/image/upload/v1783822734/mss301/fpt_car_rental_assets/cars/bf9mfxqowfls3wjcbrqq.webp', false);
INSERT INTO car_images VALUES ('367dc504-cdb1-42ab-a2c9-2d34d6ab2336', 'c3333333-3333-3333-3333-333333333333', 'https://res.cloudinary.com/detye8c6w/image/upload/v1783822739/mss301/fpt_car_rental_assets/cars/hjlvlrgimjdqyr7yt4vu.webp', false);
INSERT INTO car_images VALUES ('a13363f2-31ad-4d37-aaf2-003950cb21e1', '80df78bc-0785-48a4-8b7d-bc36ce1c1261', 'https://res.cloudinary.com/detye8c6w/image/upload/v1783822835/mss301/fpt_car_rental_assets/cars/ytt09mppuph2lwmqnvne.webp', true);
INSERT INTO car_images VALUES ('bf305258-9b66-4b67-bfb6-809a1153725c', '80df78bc-0785-48a4-8b7d-bc36ce1c1261', 'https://res.cloudinary.com/detye8c6w/image/upload/v1783822839/mss301/fpt_car_rental_assets/cars/rpnxbji0l2rrolz5qkky.webp', false);
INSERT INTO car_images VALUES ('88ddc6f8-1b89-4165-ad11-9650b0a3a3e2', '80df78bc-0785-48a4-8b7d-bc36ce1c1261', 'https://res.cloudinary.com/detye8c6w/image/upload/v1783822842/mss301/fpt_car_rental_assets/cars/jypzh5tdbgyhxr9dbm5w.webp', false);
INSERT INTO car_images VALUES ('5da53eba-2951-421d-85bf-c61f63c72940', 'c5555555-5555-5555-5555-555555555555', 'https://res.cloudinary.com/detye8c6w/image/upload/v1783822913/mss301/fpt_car_rental_assets/cars/qoorpyca9iu83bqguocs.webp', true);
INSERT INTO car_images VALUES ('084cee1c-4c1f-4eee-9731-a4d96a0c9ee1', 'c5555555-5555-5555-5555-555555555555', 'https://res.cloudinary.com/detye8c6w/image/upload/v1783822926/mss301/fpt_car_rental_assets/cars/o8mkoxirqy2nifakhtti.webp', false);
INSERT INTO car_images VALUES ('63fd2f0a-cac9-4357-b56e-6b55ceb215a8', 'c5555555-5555-5555-5555-555555555555', 'https://res.cloudinary.com/detye8c6w/image/upload/v1783822931/mss301/fpt_car_rental_assets/cars/myaevh5tiaenv5apolj3.webp', false);
INSERT INTO car_images VALUES ('42068ad2-1b47-4efc-8159-2fa86e4d5b0c', 'c4444444-4444-4444-4444-444444444444', 'https://res.cloudinary.com/detye8c6w/image/upload/v1783823066/mss301/fpt_car_rental_assets/cars/sdtnodw3vooikixcynsm.webp', true);
INSERT INTO car_images VALUES ('f22fe4ba-f24f-41fc-abae-8196020fba4c', 'c4444444-4444-4444-4444-444444444444', 'https://res.cloudinary.com/detye8c6w/image/upload/v1783823070/mss301/fpt_car_rental_assets/cars/g42hx38cam61cqzbqppa.webp', false);
INSERT INTO car_images VALUES ('e685ad0a-bf6f-4b59-8d8a-2990c646937d', 'c4444444-4444-4444-4444-444444444444', 'https://res.cloudinary.com/detye8c6w/image/upload/v1783823074/mss301/fpt_car_rental_assets/cars/ii28g72j12ekvln1ocnr.webp', false);
INSERT INTO car_images VALUES ('30c6ebfe-87b8-413b-aad7-ad45ca6e60be', 'c1111111-1111-1111-1111-111111111111', 'https://res.cloudinary.com/detye8c6w/image/upload/v1783823143/mss301/fpt_car_rental_assets/cars/cmxiqbculndfwvudxihx.webp', true);
INSERT INTO car_images VALUES ('787cf72d-533c-447a-937b-daf2db1921cc', 'c1111111-1111-1111-1111-111111111111', 'https://res.cloudinary.com/detye8c6w/image/upload/v1783823148/mss301/fpt_car_rental_assets/cars/ikks3doqisterfwjhtuh.webp', false);
INSERT INTO car_images VALUES ('1fa39b91-5707-42c0-adcf-0204c23e647c', 'c1111111-1111-1111-1111-111111111111', 'https://res.cloudinary.com/detye8c6w/image/upload/v1783823152/mss301/fpt_car_rental_assets/cars/i0dtasdz50zurf0iohau.webp', false);
